LaDainian Tomlinson,2653,14776
Edgerrin James,2514,13005
Fred Taylor,2051,12271
Steven Jackson,2190,12058
Adrian Peterson,1873,12044
Frank Gore,1995,11601
Thomas Jones,2255,11311
Jamal Lewis,2174,11230
Curtis Martin,2094,10957
Corey Dillon,1888,10839
Ricky Williams,2033,10798
Tiki Barber,1693,10753
Warrick Dunn,1945,10608
Clinton Portis,1935,10546
Shaun Alexander,1751,10261
Ahman Green,1730,9774
Chris Johnson,1481,9333
Marshawn Lynch,1684,9308
Willis McGahee,1718,9032
Marshall Faulk,1434,8822
Priest Holmes,1447,8612
Maurice Jones-Drew,1537,8585
Matt Forte,1468,8228
Eddie George,1716,8214
Jerome Bettis,1633,7894
Michael Turner,1322,7822
Stephen Davis,1492,7637
Emmitt Smith,1399,7503
Jamaal Charles,1072,7269
LeSean McCoy,1149,7261
DeAngelo Williams,1146,7174
Larry Johnson,1198,6783
Travis Henry,1250,6730
Brian Westbrook,1142,6691
Arian Foster,1144,6644
Cedric Benson,1310,6542
Ray Rice,1186,6524
Rudi Johnson,1259,6497
Antowain Smith,1299,6474
Deuce McAllister,1205,6413
Michael Vick,712,6394
Duce Staley,1165,6158
Michael Pittman,1132,6019
Ronnie Brown,1109,5929
Fred Jackson,1090,5898
Reggie Bush,1016,5880
Willie Parker,1023,5708
Brandon Jacobs,958,5430
Charlie Garner,921,5426
Julius Jones,1007,5420
Chester Taylor,937,5226
Jonathan Stewart,838,5123
Ahmad Bradshaw,858,5113
Marion Barber,944,5033
Garrison Hearst,819,4908
Joseph Addai,943,4785
DeMarco Murray,784,4783
Darren McFadden,821,4465
Rashard Mendenhall,866,4459
Anthony Thomas,881,4459
Cadillac Williams,883,4416
Ryan Grant,787,4390
Mike Alstott,865,4304
Ricky Watters,783,4304
James Stewart,816,4290
Shonn Greene,868,4258
Kevan Barlow,837,4235
Ryan Mathews,782,4223
Mike Anderson,787,4190
LaMont Jordan,742,4186
Alfred Morris,716,4186
Maurice Morris,724,4144
BenJarvus Green-Ellis,852,4074
Michael Bennett,691,4049
Lamar Smith,800,4033
Ron Dayne,814,3952
Pierre Thomas,693,3908
Tyrone Wheatley,766,3904
Robert Smith,622,3857
Reuben Droughns,767,3830
Kevin Faulk,729,3826
DeShaun Foster,770,3819
Knowshon Moreno,719,3768
Donovan McNabb,457,3683
Dominic Rhodes,641,3538
Justin Fargas,691,3533
C.J. Spiller,530,3511
Ladell Betts,669,3509
Kevin Jones,637,3508
LeGarrette Blount,572,3472
Michael Bush,693,3387
Domanick Williams,631,3365
Terrell Davis,579,3360
Jamal Anderson,620,3310
Sammy Morris,609,3226
Chris Brown,587,3215
Chris Ivory,533,3142
Correll Buckhalter,535,3118
Justin Forsett,457,3087
Dorsey Levens,600,3085
Felix Jones,520,3019
Stevan Ridley,537,2961
Derrick Ward,468,2957
Peyton Hillis,593,2940
T.J. Duckett,589,2924
Tatum Bell,476,2882
Steve McNair,379,2869
Donald Brown,499,2817
Daunte Culpepper,409,2770
Cam Newton,383,2727
Laurence Maroney,515,2707
James Allen,529,2668
Darren Sproles,413,2664
Mark Ingram,482,2559
Doug Martin,460,2545
Chris Wells,484,2545
Kevin Smith,469,2541
LenDale White,556,2540
Ben Tate,443,2534
Leon Washington,415,2520
Rashad Jennings,482,2459
Mewelde Moore,410,2444
Marcel Shipp,464,2444
Eddie Lacy,437,2417
Terry Allen,472,2358
Amos Zereoue,420,2344
Shawn Bryson,436,2329
Le'Veon Bell,442,2322
Kordell Stewart,311,2314
Troy Hambrick,409,2311
Napoleon Kaufman,332,2302
William Green,443,2290
Jerious Norwood,330,2287
Jeff Garcia,347,2269
Tim Hightower,416,2230
Lamar Miller,364,2183
Earnest Graham,410,2180
Tim Biakabutuka,359,2175
Trent Richardson,489,2151
Mike Tolbert,430,2113
Olandis Gary,406,2110
Steve Slaton,345,2037
Russell Wilson,241,2008
Joique Bell,376,2001
Aaron Rodgers,275,1927
Najeh Davenport,315,1919
Adrian Murrell,405,1907
James Starks,329,1885
Stacey Mack,359,1872
David Garrard,295,1859
Moe Williams,343,1835
Jerome Harrison,292,1818
Richard Huntley,284,1788
Danny Woodhead,353,1775
Tony Richardson,347,1761
Jake Plummer,260,1757
Ryan Fitzpatrick,274,1714
Kenny Watson,307,1706
Toby Gerhart,300,1698
Aaron Brooks,267,1682
Colin Kaepernick,196,1680
Barry Sanders,249,1679
Tashard Choice,315,1666
Aaron Stecker,300,1656
Mike Bell,351,1655
Curtis Enis,344,1604
Jason Snelling,323,1592
Nick Goings,324,1571
Karim Abdul-Jabbar,315,1554
Daniel Thomas,343,1552
Alex Smith,240,1547
Vince Young,208,1542
Jay Cutler,188,1525
Jamel White,302,1516
Rich Gannon,211,1515
Giovani Bernard,283,1498
Brandon Jackson,289,1459
Brandon Bennett,255,1444
Terrell Fletcher,279,1422
David Carr,227,1421
Bernard Pierce,266,1420
Andre Ellington,247,1420
Matt Hasselbeck,214,1411
Le'Ron McClain,323,1401
Mark Brunell,221,1395
Doug Flutie,190,1392
Zac Stacy,271,1364
Errict Rhett,278,1363
Bilal Powell,271,1343
Ben Roethlisberger,221,1328
Robert Edwards,239,1306
Kendall Hunter,209,1303
Fred Lane,258,1302
Jason Campbell,169,1300
Donnell Bennett,270,1289
Gary Brown,250,1275
Jonathan Wells,273,1274
Zack Crockett,321,1272
Travis Minor,251,1272
Robert Holcombe,254,1238
Natrone Means,250,1235
Jackie Battle,259,1223
Jacquizz Rodgers,251,1222
Onterrio Smith,196,1213
Isaac Redman,230,1207
Roy Helu,201,1187
Skip Hicks,208,1174
Jeremy Hill,193,1170
Lee Suggs,206,1166
James Jackson,252,1153
Bernard Scott,205,1151
Bryce Brown,165,1114
Ryan Torain,180,1103
Jon Kitna,178,1102
Leroy Hoard,192,1097
Trung Canidate,203,1092
Selvin Young,164,1089
Samkon Gado,219,1067
Jonathan Dwyer,193,1065
Tim Tebow,163,1063
Bobby Rainey,191,1046
Jesse Chatman,166,1045
Jonathan Linton,231,1044
Tom Brady,242,1032
Ronnie Hillman,188,1029
Jahvid Best,189,1027
Brad Smith,118,1023
Chris Fuamatu-Ma'afala,189,1022
Jeff Blake,155,1009
Josh Freeman,148,1006
Matt Cassel,165,1003
Rock Cartwright,186,999
Greg Jones,218,989
Robert Turbin,194,981
Trent Green,142,980
Brad Hoover,243,976
Peyton Manning,156,974
Tony Fisher,193,969
Vick Ballard,167,957
Artose Pinner,209,954
Chris Warren,162,954
Shane Vereen,171,953
Andrew Luck,130,951
Percy Harvin,114,946
Drew Brees,169,941
Andre Brown,164,939
Jay Fiedler,151,937
Anthony Dixon,203,927
Terry Kirby,175,919
Maurice Hicks,163,918
C.J. Anderson,158,917
Maurice Smith,187,913
Bam Morris,203,909
Ryan Moats,165,888
Josh McCown,135,886
Dexter McCluster,147,882
Richie Anderson,162,876
Brett Favre,132,874
Brian Leonard,179,868
Lance Ball,154,864
Derrick Blaylock,165,858
Greg Hill,137,856
J.J. Arrington,139,854
Rob Johnson,108,851
Mike Goodson,125,846
Lamar Gordon,165,846
Mikel Leshoure,180,843
Mack Strong,184,832
Marcel Reece,148,831
Robert Griffin III,87,827
Matt Ryan,149,826
Josh Cribbs,119,821
Tre Mason,134,817
Ryan Tannehill,89,816
Verron Haynes,165,810
J.J. Johnson,169,789
Matt Asiata,182,782
Knile Davis,157,773
Andre Williams,166,765
Jermaine Fazande,167,765
Joe Flacco,141,764
Montee Ball,138,752
Vernand Morency,148,747
LaRod Stephens-Howling,132,739
Tony Romo,108,723
J.R. Redmond,150,723
Chris Ogbonnaya,137,723
Robert Griffin,112,721
Daryl Richardson,137,718
Cedric Houston,152,717
Charlie Batch,109,709
Quentin Griffin,138,707
Terrance West,139,706
Leonard Weaver,132,699
Jason Wright,147,697
Mike Cloud,151,696
Tarvaris Jackson,102,696
Brian Mitchell,102,695
Andy Dalton,136,689
Christian Ponder,96,688
Denard Robinson,120,688
Brian Griese,131,682
Thurman Thomas,131,681
Chris Perry,130,678
Leon Johnson,129,675
Brandon Bolden,109,674
Jake Locker,77,672
Isaiah Crowell,111,666
Terrelle Pryor,75,666
Edgar Bennett,155,663
Philip Rivers,139,661
Kahlil Bell,119,653
Geno Smith,99,640
Kerry Collins,113,640
Rodney Thomas,124,634
Kyle Boller,127,632
Fred Beasley,154,632
Khiry Robinson,103,629
Bob Christian,110,627
Eli Manning,100,627
Drew Bledsoe,136,624
Aveion Cason,97,620
Branden Oliver,124,617
LaBrandon Toefield,129,616
Quincy Carter,103,609
John Kuhn,156,605
Heath Evans,130,603
Tim Couch,82,599
Bishop Sankey,129,594
Patrick Pass,109,587
John Avery,107,582
Jason Brookins,123,579
Larry Centers,109,577
Alfred Blue,128,576
Stanley Pritchett,113,574
Travis Prentice,141,573
Charles Way,121,567
Arlen Harris,126,566
Wali Lundy,120,565
Jerick McKinnon,94,563
Montario Hardesty,123,562
Mario Bates,126,560
Joe McKnight,99,559
Kenton Keith,108,556
David Wilson,82,546
Carson Palmer,121,546
Chad Pennington,111,546
Ken Oxendine,123,543
Matthew Stafford,102,540
Musa Smith,103,535
Delone Carter,108,534
Joseph Randle,85,533
Benny Cunningham,90,531
Alex Green,113,527
Tony Banks,89,522
Javon Ringer,92,520
J.P. Losman,72,517
Steve Young,62,515
Michael Wiley,64,509
Randy Jordan,88,507
Harvey Williams,99,507
Antwaan Randle El,59,505
Justin Watson,81,505
Shaun King,82,494
Joey Harrington,100,492
Tyler Thigpen,68,492
Keiland Williams,91,486
Cory Schlesinger,128,485
Cade McNown,65,482
Mark Sanchez,99,481
Antonio Pittman,86,481
Byron Leftwich,93,478
Kimble Anders,89,477
Jordan Todman,84,475
James Mungro,97,475
Ron Rivers,83,471
Cecil Collins,98,466
Lorenzo Neal,120,462
Trent Dilfer,87,458
Michael Robinson,95,456
Steve Smith,44,455
Colt McCoy,82,454
Charlie Frye,64,453
Matt Schaub,93,441
Latavius Murray,63,441
Dee Brown,90,441
Obafemi Ayanbadejo,96,441
Lamont Warren,95,440
Mike McMahon,64,440
Carlos Hyde,75,437
Ki-Jana Carter,79,436
Dennis Northcutt,47,435
Marc Bulger,64,435
Jake Delhomme,77,431
DeSean Jackson,49,430
Kenneth Darby,80,429
Brad Johnson,88,428
Khreem Smith,85,427
Travis Jervey,84,427
Byron Hanspard,104,427
DJ Ware,78,425
Chris Chandler,71,421
Blake Bortles,49,420
Justin Griffith,85,420
Jonas Gray,78,418
Evan Royster,74,417
Peter Warrick,42,408
Dan Herron,71,407
Darick Holmes,82,406
Jacob Hester,94,402
Andre Hall,61,401
Chad Morton,67,400
Joe Montgomery,100,398
Hines Ward,41,397
Chad Henne,75,397
Tim Dwight,42,396
Marc Edwards,101,394
James Thrash,31,393
Deji Karim,82,383
Ray Lucas,56,383
Tavon Austin,40,382
Akili Smith,56,381
Rod Smith,32,378
Kurt Warner,65,375
Derek Loville,76,373
Adrian L. Peterson,36,365
Shaud Williams,69,365
Kyle Orton,64,364
Kenny Bynum,79,361
Lance Dunbar,64,361
Nick Foles,57,360
Shaun Hill,50,359
Darnell Autry,88,357
Mike James,69,356
Stepfan Taylor,82,349
Cedric Peerman,52,348
Anthony Johnson,69,348
Terry Jackson,57,347
DeShawn Wynn,51,347
Trent Edwards,59,346
Bruce Gradkowski,62,346
Noah Herron,71,344
Randall Cunningham,48,343
Santana Moss,35,343
Chris Chambers,30,340
Jerald Moore,71,338
Johnnie Morton,24,338
Doug Chapman,72,335
Jim Harbaugh,61,334
Seneca Wallace,39,333
Vinny Testaverde,48,329
Robert Chancey,71,329
June Henley,68,327
Michael Basnight,49,322
Wilmont Perry,60,320
Rashaan Shehee,70,316
Alvin Pearman,59,310
Quinton Ganther,64,308
Garrett Wolfe,57,306
Steve Beuerlein,66,306
Elvis Joseph,54,305
Lousaka Polite,91,304
De'Mond Parker,40,303
Montell Owens,48,302
Lorenzo Taliaferro,54,300
Sam Bradford,51,299
Antone Smith,23,295
Eddie Royal,30,294
Joe Webb,35,293
Kent Graham,48,292
Cordarrelle Patterson,18,290
Rocket Ismail,24,289
Mike Thomas,26,288
Mike Hart,57,287
Dante Hall,39,286
JaMarcus Russell,32,286
Juwan Thompson,46,281
Shaun Draughn,59,280
Chris Polk,46,279
Nate Burleson,33,279
Anthony Wright,46,278
Josh Johnson,38,277
Darius Walker,50,277
EJ Manuel,50,276
Derek Anderson,53,276
Raymont Harris,69,275
Stoney Case,34,275
Gus Frerotte,59,274
Sedrick Shaw,38,273
Tyson Thompson,59,273
DuJuan Harris,47,273
Terrell Owens,32,271
ReShard Lee,50,271
Christine Michael,41,270
Devonta Freeman,46,267
Kevin Kolb,36,266
Kellen Clemens,48,266
Eddie Kennison,27,263
Bernie Parmalee,43,263
Jamal Robertson,44,263
Brock Forsey,55,262
Kerwynn Williams,47,254
Glen Coffee,61,254
Drew Stanton,36,253
Randall Cobb,25,253
Lorenzo Booker,49,253
Donald Driver,23,252
Jonathan Grimes,55,248
Travis Taylor,25,248
Anquan Boldin,35,248
Fred McAfee,25,244
Fozzy Whittaker,50,243
Curtis Brinkley,60,242
Troy Smith,36,242
Sherman Williams,49,242
Tavian Banks,39,240
Chris Jennings,52,238
Laveranues Coles,27,236
Curtis Conway,18,234
Peerless Price,20,231
Ted Ginn Jr.,19,228
Aaron Craver,50,228
Autry Denson,46,228
William Powell,50,227
John Skelton,34,227
Frank Moreau,55,224
Cecil Sapp,43,224
Teddy Bridgewater,38,220
Charles Sims,43,217
Paul Smith,43,217
Az-Zahir Hakim,21,217
KaRon Coleman,44,216
Jerald Sowell,44,214
Charles Evans,57,213
Troy Brown,20,213
Mike Wallace,20,211
Amp Lee,37,211
Reno Mahe,37,210
Blaine Gabbert,49,208
Jacoby Ford,16,207
Rabih Abdullah,42,207
Ben Gay,30,207
Aaron Brown,36,206
Joe Burns,46,205
Ryan Williams,44,205
Elvis Grbac,38,203
LaMichael James,32,202
Tremayne Stephens,45,200
Troy Davis,53,199
De De Dorsey,23,198
Ciatrick Fason,36,197
Dennis Johnson,38,196
Sedrick Irvin,34,196
Billy Joe Tolliver,27,195
Jalen Parmele,35,195
Armando Allen,32,194
Terrelle Smith,49,194
Brady Quinn,33,193
Julian Edelman,20,193
Alfonso Smith,40,192
Tony Hollings,38,189
Rick Mirer,31,189
Luke McCown,21,188
William Floyd,62,186
Kyle Eckel,49,185
Kregg Lumpkin,28,181
Patrick Cobbs,31,181
Ashley Lelie,16,179
Dion Lewis,32,179
Alan Ricard,37,179
Terry Glenn,10,178
Edwin Baker,38,178
Darrel Young,40,178
Randy Moss,20,177
Ray Zellars,41,176
Charlie Whitehurst,29,176
Calvin Johnson,17,175
Wes Welker,17,175
Mike Sellers,44,174
Brooks Bollinger,35,173
Damien Anderson,37,173
Nick Luchey,40,171
LeShon Johnson,39,171
Chris Weinke,29,170
Danny Wuerffel,15,169
Lee Evans,8,169
Damon Huard,27,167
J.T. O'Sullivan,25,166
Chris Taylor,36,166
Phillip Tanner,42,166
Vincent Jackson,12,165
Lex Hilliard,43,165
Jerome Felton,40,164
Brandon Weeden,31,164
Devin Hester,20,163
James McKnight,13,163
Ka'Deem Carey,31,162
Jay Graham,40,161
Eric Parker,10,161
Leonard Henry,28,158
Jonathan Quinn,17,157
Ryan Leaf,28,157
T.J. Houshmandzadeh,17,157
George Jones,35,156
Brian Calhoun,16,155
Lawrence Phillips,20,155
Tyrod Taylor,17,155
Mark Clayton,16,155
Chad Simpson,24,154
William Henderson,39,154
Alshon Jeffery,14,153
Louis Murphy,13,153
Robert Thomas,35,153
Jeremi Johnson,42,152
Stefan Logan,20,152
Joey Galloway,21,152
Rex Grossman,35,151
Jim Kleinsasser,40,148
Doug Pederson,27,147
Kolby Smith,40,147
Dan Kreider,30,146
Glyn Milburn,15,144
Mike Green,29,144
Derrick Alexander,6,143
Robert Meachem,14,142
Ike Hilliard,12,140
Tyrell Sutton,23,139
Javon Walker,7,139
Damian Williams,27,138
Josh Morgan,13,137
Tommy Maddox,26,137
,0,137
Keith Toston,29,136
Bubby Brister,13,136
Antonio Brown,22,136
Chris Howard,31,135
Jeremy Stewart,27,135
Brandon Marshall,14,134
Lynell Hamilton,29,133
Bobby Wade,20,133
Eric Bieniemy,23,133
Mike Glennon,21,133
Isaac Bruce,15,132
Matt Moore,25,132
Tony Carter,35,132
Bethel Johnson,28,130
P.J. Pope,17,130
Leslie Shepherd,8,130
Sean Bennett,22,130
Chris J. Henry,24,130
Sage Rosenfels,22,129
Julio Jones,13,129
Devery Henderson,13,128
Alvis Whitted,11,128
Marcus Mason,25,127
Koren Robinson,17,127
Darrius Heyward-Bey,8,125
Basil Mitchell,28,125
Travis Benjamin,8,124
David Boston,12,123
Brandon LaFell,8,123
Curtis Painter,13,122
Steve Breaston,9,122
Donnie Avery,14,122
Donald Hollas,24,122
Quinn Gray,14,121
Javarris James,35,121
Taiwan Jones,24,121
Carey Davis,26,121
Case Keenum,19,120
Ovie Mughelli,38,120
Jarrett Payton,25,119
Matt Leinart,25,119
Shane Matthews,18,118
Roosevelt Potts,29,118
Miles Austin,7,118
Dantrell Savage,24,118
Troy Aikman,25,117
John Conner,26,117
Chuck Levy,20,117
Eben Britton,23,116
Cleo Lemon,29,116
Marvin Jones,8,116
B.J. Askew,27,116
John Elway,15,115
Rob Konrad,33,115
Kelly Campbell,11,115
Andre Johnson,20,115
Johnathan Franklin,15,114
Jermaine Lewis,21,114
Mike Karney,41,113
Brian Hoyer,21,113
Matt Flynn,22,112
Amani Toomer,10,112
Golden Tate,14,111
David Patten,10,111
Adimchinobe Echemandu,25,111
Kevin Turner,23,111
Eldra Buckley,29,111
Chase Daniel,12,111
Henry Burris,13,110
Reche Caldwell,14,108
Cecil Martin,20,108
Patrick Ramsey,20,108
Chad Ochocinco,14,108
Bernard Berrian,12,107
Donte Stallworth,11,107
Michael Clayton,14,107
Damien Nash,17,107
Derek Carr,18,106
Gary Russell,27,106
Chris Rainey,21,106
Da'Rel Scott,21,106
Arnaz Battle,13,104
Tim Rattay,17,103
Stephen McGee,15,103
Jason McKie,28,102
Cyrus Gray,21,102
Dimitri Nance,28,102
Daimon Shelton,27,101
Jeremy Kerley,14,100
Keyshawn Johnson,9,100
Andre Caldwell,9,100
Lawrence Vickers,28,100
Harry Douglas,11,100
Tim Carter,10,99
Ernie Conwell,15,99
Randy Fasani,14,99
Todd Bouman,15,99
Dwayne Wright,23,98
Caleb Hanie,13,98
Scott Mitchell,14,98
Danny Amendola,10,98
Chad Hutchinson,14,97
Damon Washington,22,97
Aaron Hernandez,9,97
De'Anthony Thomas,11,97
Santonio Holmes,11,96
Joel Makovicka,12,96
A.J. Green,10,96
Antonio Chatman,15,96
Bryan Gilmore,6,95
Curtis Keaton,21,95
Richard Murphy,22,95
Brandon Tate,8,94
Vonta Leach,32,94
Jerricho Cotchery,13,94
Storm Johnson,23,93
Steve Stenstrom,14,92
Germane Crowell,8,91
Chris Hetherington,27,91
Jamie Harper,23,90
Howard Griffith,19,90
Joe Banyard,18,90
Bobby Hoying,17,89
R.J. Bowers,15,89
Josh Scobey,22,89
Darrin Reaves,25,89
Josh Gordon,4,88
Kevin Walter,11,88
Jarius Wright,6,87
Mohamed Sanu,13,86
Jacoby Jones,13,86
Pat White,15,86
Michael Cox,21,86
Quinton Patton,4,86
Jeff George,12,86
Theo Riddick,22,85
Albert Young,22,85
Jeremiah Johnson,10,84
James Fenderson,15,84
Matt Turk,7,84
Beanie Wells,13,83
Pierre Garcon,8,83
Roscoe Parrish,8,83
Ty Detmer,13,83
Neil O'Donnell,17,82
Ahmard Hall,21,82
Marlon Barnes,14,82
Larry Croom,18,82
Derrius Thompson,9,82
Marques Tuiasosopo,13,81
Clifton Dawson,22,81
Rondell Mealey,16,81
Harold Morrow,15,81
Gartrell Johnson,19,81
Philly Brown,6,81
Andre Roberts,8,79
Josh Reed,9,79
Silas Redd,14,79
Johnny White,16,78
Andrew Hawkins,14,78
Doug Johnson,15,77
George Winn,15,77
Kyle Williams,8,76
Brandon Jones,6,76
Spergon Wynn,10,76
Jorvorskie Lane,11,76
Tim Brown,13,76
Antonio Bryant,9,75
Emmanuel Sanders,9,75
Isaiah Pead,15,75
Bruce Perry,14,74
Reggie Brown,11,73
Brandon Saine,15,73
Brandin Cooks,7,73
Larry Fitzgerald,11,73
Brian Milne,14,72
Cory Ross,10,72
Tommy Bohanon,19,72
David Palmer,10,70
Thomas Tapeh,17,70
Chad Johnson,7,70
Reidel Anthony,7,70
Brian Hartline,5,69
Rod Smart,21,69
Shyrone Stith,16,69
Anthony Allen,14,69
Frank Summers,18,69
Joe Morgan,2,68
Greg Comella,12,68
Reggie Hodges,1,68
Muhsin Muhammad,7,68
Jimmy Clausen,15,68
Jed Collins,23,68
Cedric Cobbs,20,68
Moran Norris,22,68
Chris Simms,16,67
Clifton Smith,13,67
Delanie Walker,7,66
T.J. Yates,9,66
Eric Weems,6,66
Billy Volek,13,66
Terrence Wilkins,9,66
Mario Manningham,4,66
Joe Horn,8,65
Denarius Moore,5,65
Troy Edwards,8,65
Matt Jones,10,65
Arrelious Benn,11,65
Dedric Ward,10,64
A.J. Feeley,19,64
Rashad Johnson,2,64
Steve Weatherford,4,64
Derrick Cullors,12,63
Billy Joe Hobert,10,63
Johnnie Lee Higgins,6,63
Jerrel Jernigan,3,63
Tim Castille,11,62
Spencer Larsen,16,62
Andrew Pinnock,14,62
Irving Fryar,5,62
John Beck,14,61
Thaddeus Lewis,17,61
Todd Heap,8,61
Erik Bickerstaff,15,61
James Davis,16,61
Marty Booker,9,60
Rodney Peete,10,60
Eddie Drummond,5,60
Kevin Williams,5,60
Dez White,4,60
Mossis Madu,13,59
Dexter Coakley,2,59
Kirk Cousins,10,59
Michael Westbrook,9,59
Jabar Gaffney,7,59
Kevin McDougal,11,59
Reggie Williams,7,59
Torry Holt,9,59
Dennis Dixon,7,59
Troy Williamson,6,58
Kendall Wright,5,58
Eric Moulds,10,58
Jimmy Wyrick,1,58
Rafael Cooper,11,57
Cedrick Wilson,3,57
Corey Walker,10,56
Keith Elias,15,56
Devin Thomas,4,55
Torrey Smith,4,55
Courtney Hawkins,6,55
Scott Tolzien,5,55
Joey Harris,11,54
Quincy Morgan,5,54
Lennox Gordon,11,54
Brian Moorman,6,54
T.Y. Hilton,6,54
Eric McCoo,8,54
Keshawn Martin,4,53
Dave M. Brown,10,53
Dashon Goldson,2,53
Baron Batch,18,53
Cody Pickett,10,53
Nate Washington,9,52
Dave Ragone,5,51
Wane McGarity,5,51
Patrick Crayton,4,50
Jason Tucker,5,50
Andrew Walter,7,50
Danny Kanell,10,50
Bradlee Van Pelt,8,50
Jon Witman,14,49
Brock Huard,7,49
David Bruton,2,48
Tommy Vardell,15,48
Craig Whelihan,10,48
Kevin Curtis,7,48
Andrew Sendejo,1,48
Bruce Miller,16,48
Troy Walters,5,48
Brandon Stokley,7,48
Koy Detmer,9,47
Stedman Bailey,3,46
Craig Krenzel,11,46
Tim Hasselbeck,8,46
Jacquez Green,7,46
MarQueis Gray,5,45
Marion Grice,13,45
Deion Branch,5,45
Brandon Banks,7,45
Tony Graziani,6,45
Dwight Stone,2,45
Brandon Gibson,5,44
Jameel Cook,11,44
Reggie D Brown,14,44
Austin Davis,6,44
Jeremy Ross,3,44
Jeff Lewis,5,44
Justin McCareins,5,43
Jim Miller,15,43
Dri Archer,7,43
Thomas Clayton,14,43
Walter Williams,5,42
Patrick Peterson,4,42
Harold Shaw,13,42
Quinten Lawrence,2,42
Chad Hall,10,42
Hunter Smith,4,42
Ty Hallock,11,42
Shaun McDonald,8,41
Delvin Joyce,12,41
Chris Redman,14,41
Ben Obomanu,4,41
John Clay,9,41
Terrance Copper,6,41
Kelly Holcomb,14,41
Chris Miller,7,40
Dallas Clark,4,40
Charles Grant,1,40
Troy Fleming,7,40
Harold Green,15,40
Greg Little,3,40
Derrick Harris,10,40
Damaris Johnson,5,39
Travaris Cadet,9,39
Charlie Jones,4,39
Ted Ginn,5,39
Matt Simms,5,39
Dan Orlovsky,6,39
Larry Izzo,1,39
Corey McIntyre,8,39
Matt Mauck,7,39
Kyle Johnson,9,39
Darius Reynaud,10,39
James White,9,38
Alex Van Pelt,10,38
Toby Gowin,2,38
Jon Ritchie,10,38
Jerome Woods,2,38
Jeremy Maclin,4,37
Larry Foster,4,37
Reggie Swinton,4,37
Scottie Montgomery,3,37
Odell Beckham,4,37
Sam Gash,13,37
Mike Archie,3,37
Chad Stanley,3,37
Johnny Manziel,6,37
Travis Williams,1,37
Louis Rankin,7,36
Tee Martin,6,36
Andre Hastings,4,36
Matt McCants,6,35
John Simon,9,35
Chris Givens,4,35
Raymond Ventrone,1,35
Matt McGloin,4,35
Jim Finn,8,35
Josh Vaughan,9,35
Jerry Ellison,10,34
Rod Gardner,4,34
Chris Floyd,10,34
Josh Aubrey,1,34
Keith Byars,4,34
Jamie Martin,8,33
Darius Watts,5,33
James Johnson,7,33
Henry Hynoski,10,33
Clint Stoerner,4,33
Jerry Rice,5,33
Avon Cobourne,6,33
Jeff Tuel,5,33
Marquise Goodwin,3,33
Davone Bess,4,33
Stanley Havili,10,33
Patrick Johnson,3,33
Greg McElroy,6,32
Eric Zeier,8,32
George Layne,3,32
Ran Carthon,11,32
Winslow Oliver,7,32
Moses Moreno,4,32
Kerry Carter,8,32
Jason Garrett,8,31
Brock Osweiler,4,31
Titus Young,4,31
David Reed,2,31
James Hodgins,11,31
Vaughn Hebron,9,31
MarTay Jenkins,3,31
Derrick Wimbush,5,30
Trey Watts,7,30
Rex Burkhead,7,30
James Wright,3,30
Jerry Porter,6,30
Michael Bates,5,30
Chad Jackson,3,30
Mike Tomczak,6,30
Owen Schmitt,8,30
Greg Lewis,6,29
Jesse Palmer,2,29
Jamaal Branch,10,29
Maurice Stovall,2,29
Tony Hunt,11,28
R. Jay Soward,2,28
Orleans Darkwa,4,28
John Tait,1,28
Roddy White,7,28
Ricky Proehl,3,28
Charles Johnson,4,28
Woodrow Dantzler,5,28
Xavier Omon,9,28
Bruce Ellington,5,28
Damon Gibson,3,28
Greg Salas,2,28
Clif Groce,8,27
Eric Metcalf,4,27
Tyler Palko,4,27
Marcus Thigpen,6,27
Blaine Bishop,1,27
Tony Fiammetta,7,26
Jim Sorgi,6,26
Sam Koch,3,26
Wade Wilson,6,26
Eric Shelton,7,26
Markus Wheaton,3,26
Ian Smart,2,26
Domenik Hixon,2,26
Danieal Manning,1,26
Rich Alexis,10,25
David Akers,2,25
Dameyune Craig,3,25
Michael Hill,7,25
Michael Lewis,3,25
Dave Meggett,4,25
Marlon Moore,2,25
David Terrell,2,25
Desmond Howard,5,25
Vernon Davis,3,24
T.J. Graham,3,24
Eric Weddle,5,24
Erik Kramer,8,24
Darnay Scott,3,24
Todd Collins,5,24
Charlie Adams,3,23
Patrick Jeffers,1,23
Justin Blackmon,2,23
Jeff Dugan,9,23
Aldrick Robinson,2,23
Chris Owusu,1,23
Austin Johnson,7,23
Cliff Russell,2,23
Frank Sanders,5,23
Naufahu Tahi,9,23
Matt Allen,2,23
Mike Gillislee,5,22
Kevin Ogletree,4,22
Collin Mooney,4,22
Jon Alston,1,22
Ed McCaffrey,2,22
Zurlon Tipton,5,22
Daniel Pope,1,22
Mark Bradley,1,22
Tab Perry,5,22
Chris Davis,3,22
Chris Crocker,1,21
Warren Moon,5,21
Darrell Jackson,4,21
Fred McCrary,8,21
Brett Kern,1,21
Andra Davis,4,21
Michael Jennings,1,21
Brad Maynard,1,20
Antonio Freeman,4,20
Fitzgerald Toussaint,4,20
Dino Philyaw,2,20
Michael Husted,1,20
Nate Clements,1,20
Keenan McCardell,5,20
Marvin Harrison,5,20
Taylor Gabriel,3,20
Chansi Stuckey,4,20
Ken Dorsey,7,20
Champ Bailey,3,20
Brodie Croyle,5,20
Anthony Armstrong,2,19
James Bostic,5,19
Kevin Kasper,3,19
David Gettis,1,19
Ronnie Cruz,4,19
Courtney Roby,3,19
Solomon Patton,1,19
Bobby Engram,5,19
Braylon Edwards,3,19
B.J. Sams,4,19
Nate Potter,4,19
Shawn Jefferson,3,19
Eric Page,1,19
Josh Harris,8,19
Phil Dawson,2,18
Bill Schroeder,2,18
Jordan Reed,1,18
Nate Eachus,4,18
Kwamie Lassiter,2,18
Armond Smith,5,18
Brandon Manumaleuna,5,18
Kurt Kittner,4,18
Steve Bono,3,18
Daniel Kilgore,8,18
Drew Carter,2,18
Keith Tandy,1,18
Rashied Davis,1,17
James Casey,2,17
Legedu Naanee,3,17
Craig Nall,2,17
Rod Streater,2,17
Daryl Johnston,5,17
Javier Arenas,3,17
Jarious Jackson,4,17
Robert Hughes,5,17
Mike Pritchard,1,17
Allen Rossum,2,17
Charles Rogers,2,17
Jimmy Garoppolo,3,17
Chris Gronkowski,4,17
Donte Moncrief,3,17
Eddie Watson,4,17
Craig Heyward,5,16
Robert Woods,2,16
Dwayne Harris,3,16
Vinny Sutherland,1,16
Kevin Boss,1,16
Jason Davis,6,16
Charles Clay,4,16
Dwayne Bowe,2,16
Otis Smith,1,16
Rodney C. Williams,2,16
Jarrod Baxter,6,16
David Givens,3,16
Shane Lechler,2,16
Brit Miller,3,15
Tommy Barnhardt,2,15
James Develin,5,15
Billy Davis,4,15
Eddie Johnson,1,15
Jermaine Kearse,2,15
Craig Yeast,1,15
Drew Bennett,2,15
David Clowney,2,15
Skye Dawson,2,15
Ryan Pickett,5,15
Travis Brown,2,15
Early Doucet,4,14
Aeneas Williams,1,14
Jeff Demps,1,14
Tony Gonzalez,2,14
Craig Hentrich,3,14
Craig Davis,3,14
Albert Connell,2,14
Keith Poole,1,14
Anthony Sherman,5,14
Preston Parker,2,14
Brock Bolen,2,14
Dan Marino,3,14
Charles Lee,2,14
Kenny Britt,2,14
Doug Baldwin,3,14
Ryan Neufeld,1,14
Gilbert Harris,5,13
Allen Bradford,5,13
Randal Williams,1,13
Dietrich Jells,1,13
Julian Peterson,1,13
Sean Morey,1,13
Dane Looker,1,13
Chris Thompson,2,13
Kris Wilson,3,13
Ron Dixon,2,13
Dexter Jackson,1,13
Kareem Huggins,3,13
Chauncey Washington,3,13
Joe Adams,3,13
Bo Scaife,1,13
Richie Brockel,4,13
David Allen,3,13
Quentin McCord,4,13
Lee Johnson,1,13
Luke Lawton,4,13
Andre Rison,2,12
Roy E. Williams,3,12
Doug Gabriel,3,12
Chris Horn,1,12
Jeff Ogden,1,12
Devale Ellis,1,12
Warrick Holdman,1,12
Clyde Gates,1,12
Kay-Jay Harris,2,12
Martavis Bryant,2,12
Michael Crabtree,2,12
Manase Tonga,1,12
Jon Ryan,2,12
Ricky Wagner,4,12
Dez Bryant,3,12
Jonathan Smith,3,12
Ed Reed,1,12
Kevin Dyson,3,12
Zach Miller,3,12
Eugene Wilson,1,12
Armanti Edwards,2,12
O.J. McDuffie,3,11
Willie J. Williams,1,11
Dwayne Jarrett,1,11
Ronney Jenkins,5,11
Nick Davis,1,11
Connor Shaw,4,11
Mikhael Ricks,2,11
Ronald Moore,3,11
Kyle Larson,1,11
LaVar Arrington,2,11
Javarris Williams,4,11
Darian Barnes,3,11
Ben Watson,1,11
Bert Emanuel,1,11
Spencer Ware,3,10
Jamar Martin,4,10
Bryan Johnson,3,10
Trey Burton,4,10
Donte' Stallworth,2,10
Jordan Babineaux,1,10
Kenny Stills,3,10
Keylon Kincade,2,10
Adrian Madise,1,10
Kris Brown,2,10
Donnie Jones,1,9
Javin Hunter,1,9
Derrick Mason,2,9
Carlton Mitchell,1,9
Marqise Lee,2,9
Jason Hill,1,9
Hakeem Nicks,1,9
Darnerien McCants,1,9
Sultan McCullough,1,9
John Holecek,1,9
Antrel Rolle,1,9
Deon Grant,1,9
Cierre Wood,3,9
Richard Bartel,1,9
Reggie Wayne,2,9
Earl Bennett,2,9
Marcus Washington,1,9
Sidney Rice,3,9
Vick King,4,9
Tony Horne,1,9
James Farrior,1,9
Johnny Rutledge,1,9
Ryan Lindley,2,9
Ernie Mills,2,9
Fred Strickland,1,9
Jon Bradley,4,9
Ray Graham,3,9
Marcus Robinson,1,9
Kelvin Kight,1,8
Tim Seder,1,8
John Friesz,1,8
Marquis Weeks,3,8
Tom Tupa,2,8
Reggie McNeal,1,8
Keenan Burton,2,8
Sammy Watkins,2,8
Matt Lytle,2,8
Sammy Knight,2,8
Saalim Hakim,1,8
Chris Cole,1,8
Derrick Ross,3,8
Tony Scheffler,2,8
Wayne Chrebet,1,8
Randy McMichael,1,8
Jason Simmons,2,8
Jermaine Williams,2,8
Shiloh Keo,1,8
Larry Bowie,4,8
Karl Williams,3,8
Owen Marecic,4,8
Kenyon Cotton,2,8
Larry Parker,2,8
Pacman Jones,2,8
Jon McGraw,2,8
Jessie Armstead,1,8
Zach Mettenberger,1,8
Cory Sauter,2,8
Drew Henson,1,7
Bruce Smith,1,7
Macey Brooks,1,7
Jeff Wilkins,1,7
Marcellus Wiley,1,7
Will Johnson,2,7
Terrance Williams,2,7
Jerheme Urban,1,7
Lance Moore,1,7
Kenbrell Thompkins,1,7
D.J. Williams,2,7
Samie Parker,2,7
David Gilreath,1,7
Derek Ross,1,7
Kellen Winslow Jr.,1,7
Derek Smith,2,7
Scottie Vines,1,7
Henry Lusk,1,7
Detron Smith,1,7
Trindon Holliday,1,7
Reggie Tongue,1,7
Brant Boyer,1,7
Andre' Davis,1,7
Michael Bishop,4,7
Marques Colston,2,7
Brock Olivo,2,7
Josh Huff,1,7
Niles Paul,1,7
Tim Terry,1,7
Frank Reich,2,7
Kiko Alonso,1,7
Dustin Keller,1,7
Michael Blair,3,7
Jerome Pathon,2,7
Kenjon Barner,5,7
Keary Colbert,1,6
Steve Johnson,1,6
A.J. Jenkins,2,6
Matt Lawrence,2,6
Matthew Hatchette,1,6
Greg Camarillo,1,6
Kelley Washington,2,6
Steve Broussard,3,6
Ronald Curry,3,6
Demaryius Thomas,2,6
Todd Doxzon,2,6
Deon Butler,2,6
Matt Slater,1,6
Keith Ellison,1,6
Bryan Barker,1,6
Keith Null,3,6
Joey Goodspeed,3,6
M.D. Jennings,1,6
Tim Masthay,1,6
J.J. Stokes,1,6
Justin Green,3,6
Jamize Olawale,2,6
Jonas Lewis,1,6
Ken Walter,1,6
Heath Miller,1,6
Victor Hobson,1,6
Edell Shepherd,1,6
George Wilson,1,6
Donald Jones,3,5
Tyrone Calico,1,5
Mike Furrey,3,5
Jay Feely,1,5
Jeff Webb,1,5
Alex Haynes,2,5
Ahmad Merritt,1,5
A.J. Schable,1,5
Kory Sheets,1,5
Nate Webster,1,5
Todd Pinkston,1,5
Paul Justin,2,5
Quincy Wilson,1,5
Brian Urlacher,1,5
Jeremy Horne,1,5
Mike Cox,3,5
Lee Woodall,1,5
Kealoha Pilares,1,5
Dwayne Allen,2,5
Quinn Johnson,3,5
Dan Klecko,1,5
Garry Gilliam,1,5
Jordan Senn,1,5
Reagan Mauia,2,5
Erik Lorig,2,5
Leonard Hankerson,2,5
Sam Adams,1,5
Ernie Logan,2,5
Barron Wortham,1,5
Derek Stanley,1,5
Brandon Fields,1,4
Edmond Gates,1,4
Darren Sharper,1,4
Omar Easy,1,4
Kassim Osgood,1,4
Earl Holmes,1,4
Ken Simonton,2,4
Patrick Surtain,1,4
Pat Tillman,1,4
Gary Downs,1,4
Keith Lyle,1,4
Levon Kirkland,1,4
Qadry Ismail,1,4
Sheldon Richardson,4,4
Derrick Williams,1,4
Michael McCrary,1,4
Robert Tate,1,4
Jamie Henderson,1,4
Marc Mariani,1,4
Aundrae Allison,2,4
Rae Carruth,1,4
Nate Jacquet,1,4
Nick Toon,1,4
Keith Hamilton,1,4
Ronnie Wingo,1,4
Jarrad Page,1,4
Brian Russell,1,4
Alonzo Spellman,1,4
Ace Sanders,1,4
Cris Carter,1,4
Sinorice Moss,1,4
Jared Lorenzen,2,4
Willie Ponder,1,4
Greg Jackson,1,4
Derrick Coleman,1,4
Zak Keasey,2,4
Michael Jenkins,2,4
Chike Okeafor,1,4
Chad Eaton,1,4
Terence Newman,1,4
Jarvis Landry,1,4
Jordan Palmer,1,4
Ryan Mallett,2,4
Frisman Jackson,1,4
Scott Zolak,1,4
Herbert Goodman,2,4
Brian St. Pierre,2,4
Carl Pickens,1,4
Tyrone Robertson,1,3
Ike Reese,1,3
Marty Moore,1,3
Kevin Hardy,1,3
Seth Payne,1,3
Darren Hambrick,1,3
Nehemiah Broughton,1,3
Torrance Small,2,3
Darrin Chiaverini,1,3
Troy Wilson,1,3
Brandon Noble,1,3
Mike Williams,1,3
Pierson Prioleau,1,3
James Jett,1,3
Dimitrius Underwood,1,3
Micheal Spurlock,1,3
Chris Barclay,1,3
Mo Lewis,1,3
Virgil Green,1,3
Corey Lynch,1,3
Deon Anderson,1,3
Chris Clemons,1,3
Jimmy Graham,1,3
Victor Cruz,1,3
Rishard Matthews,1,3
Sean Considine,1,3
Sam Martin,1,3
Craig Dahl,1,3
Mao Tosi,1,3
John Carney,1,3
Naaman Roosevelt,1,3
Shane Burton,1,3
Adam Snyder,2,3
Chris Cooley,1,3
Rohan Davey,1,3
Will Tukuafu,1,2
Elijah Williams,1,2
Dave Brown,1,2
Chad Dukes,1,2
Jimmy Smith,1,2
Glenn Holt,2,2
Rob Gronkowski,1,2
Jason Elam,1,2
Bear Pascoe,1,2
Marques Hagans,1,2
Jehuu Caulcrick,1,2
Derek Carrier,1,2
Mike Adams,1,2
Garrett Reynolds,1,2
Peppi Zellner,1,2
Joe Germaine,1,2
Jason Avant,2,2
Ricardo Lockette,1,2
Tamarick Vanover,1,2
Rashaan Salaam,1,2
Tress Way,1,2
Tim Wright,1,2
Danny McCray,1,2
Madison Hedgecock,1,2
Shaun Williams,1,2
Jerome Simpson,1,2
Ray Agnew,1,2
Anthony Lynn,2,2
Sammie Stroughter,1,2
La'Roi Glover,1,2
Dante Brown,1,2
Marlion Jackson,1,2
Robert Brooks,1,2
Johnny Knox,1,2
Michael Floyd,1,2
Steve DeBerg,1,2
Dat Nguyen,1,2
John Brown,1,2
Brett Basanez,1,2
Jason Ferguson,1,2
Eddie Williams,2,2
Karl Hankton,1,2
Mike Wells,1,2
Mike Kafka,1,2
Bryant Johnson,2,2
Austin Collie,1,2
Bertrand Berry,1,2
Aubrayo Franklin,1,2
Tom Savage,1,1
Dezmon Briscoe,1,1
Eric Decker,1,1
Scott Frost,1,1
Shaun Smith,1,1
Frank Wycheck,1,1
Dennis McKinley,1,1
Tiquan Underwood,1,1
Joe Mays,1,1
Derrick Frost,1,1
Darren Howard,1,1
Antonio Cromartie,1,1
Alvin Bailey,1,1
Will Ta'ufo'ou,1,1
Devin Moore,1,1
Skyler Green,1,1
James Brewer,1,1
James Hasty,1,1
Bobby Shaw,1,1
Trevor Pryce,1,1
Johnnie Harris,1,1
Rob Housler,1,1
Cameron Morrah,1,1
Antonio Cochran,1,1
Gaines Adams,1,1
Ebenezer Ekuban,1,1
Rokevious Watkins,1,1
Simeon Rice,1,1
Chris Greisen,1,1
Brian Cushing,1,1
Kenyon Coleman,1,1
Sam Cowart,1,1
Jordan Norwood,1,1
Fred Davis,1,1
Jamie Sharper,1,1
B.J. Raji,1,1
Marvin Powell,1,1
